INSERT INTO Country (Id, Name) VALUES (1, 'Poland');
INSERT INTO Country (Id, Name) VALUES (2, 'Germany');
INSERT INTO Country (Id, Name) VALUES (3, 'France');
INSERT INTO Country (Id, Name) VALUES (4, 'Italy');
INSERT INTO Country (Id, Name) VALUES (5, 'Spain');
INSERT INTO Country (Id, Name) VALUES (6, 'Hell');

INSERT INTO Town (Id, IdCountry, Name) VALUES (1, 1, 'Warsaw');
INSERT INTO Town (Id, IdCountry, Name) VALUES (2, 2, 'Berlin');
INSERT INTO Town (Id, IdCountry, Name) VALUES (3, 3, 'Paris');
INSERT INTO Town (Id, IdCountry, Name) VALUES (4, 4, 'Rome');
INSERT INTO Town (Id, IdCountry, Name) VALUES (5, 5, 'Madrid');
INSERT INTO Town (Id, IdCountry, Name) VALUES (6, 6, 'Helltown');

INSERT INTO Hotel (Id, IdTown, Name) VALUES (1, 1, 'Fantasy Palace Hotel');
INSERT INTO Hotel (Id, IdTown, Name) VALUES (2, 2, 'Dreamland Resort');
INSERT INTO Hotel (Id, IdTown, Name) VALUES (3, 3, 'Enchanted Oasis Inn');
INSERT INTO Hotel (Id, IdTown, Name) VALUES (4, 4, 'Mythical Mirage Lodge');
INSERT INTO Hotel (Id, IdTown, Name) VALUES (5, 5, 'Imaginary Bliss Suites');
INSERT INTO Hotel (Id, IdTown, Name) VALUES (6, 6, 'Hazbin Hotel');

INSERT INTO User (Id, Name, Surname, IsWorker) VALUES (1, 'John', 'Doe', true);
INSERT INTO User (Id, Name, Surname, IsWorker) VALUES (2, 'Jane', 'Smith', false);
INSERT INTO User (Id, Name, Surname, IsWorker) VALUES (3, 'Michael', 'Johnson', true);
INSERT INTO User (Id, Name, Surname, IsWorker) VALUES (4, 'Emily', 'Brown', false);
INSERT INTO User (Id, Name, Surname, IsWorker) VALUES (5, 'David', 'Williams', true);
INSERT INTO User (Id, Name, Surname, IsWorker) VALUES (6, 'Sophia', 'Jones', false);
INSERT INTO User (Id, Name, Surname, IsWorker) VALUES (7, 'Matthew', 'Miller', true);
INSERT INTO User (Id, Name, Surname, IsWorker) VALUES (8, 'Olivia', 'Davis', false);
INSERT INTO User (Id, Name, Surname, IsWorker) VALUES (9, 'Daniel', 'Martinez', true);
INSERT INTO User (Id, Name, Surname, IsWorker) VALUES (10, 'Ava', 'Taylor', false);
INSERT INTO User (Id, Name, Surname, IsWorker) VALUES (11, 'Ethan', 'Wilson', true);
INSERT INTO User (Id, Name, Surname, IsWorker) VALUES (12, 'Mia', 'Moore', false);
INSERT INTO User (Id, Name, Surname, IsWorker) VALUES (13, 'Alexander', 'Anderson', true);
INSERT INTO User (Id, Name, Surname, IsWorker) VALUES (14, 'Chloe', 'White', false);
INSERT INTO User (Id, Name, Surname, IsWorker) VALUES (15, 'William', 'Harris', true);
INSERT INTO User (Id, Name, Surname, IsWorker) VALUES (16, 'Ella', 'Clark', false);
INSERT INTO User (Id, Name, Surname, IsWorker) VALUES (17, 'James', 'Lopez', true);
INSERT INTO User (Id, Name, Surname, IsWorker) VALUES (18, 'Lily', 'King', false);
INSERT INTO User (Id, Name, Surname, IsWorker) VALUES (19, 'Benjamin', 'Green', true);
INSERT INTO User (Id, Name, Surname, IsWorker) VALUES (20, 'Amelia', 'Baker', false);
INSERT INTO User (Id, Name, Surname, IsWorker) VALUES (21, 'Liam', 'Evans', true);
INSERT INTO User (Id, Name, Surname, IsWorker) VALUES (22, 'Emma', 'Turner', false);
INSERT INTO User (Id, Name, Surname, IsWorker) VALUES (23, 'Noah', 'Reed', true);
INSERT INTO User (Id, Name, Surname, IsWorker) VALUES (24, 'Ava', 'Fisher', false);
INSERT INTO User (Id, Name, Surname, IsWorker) VALUES (25, 'Elijah', 'Barnes', true);
INSERT INTO User (Id, Name, Surname, IsWorker) VALUES (26, 'Olivia', 'Kelly', false);
INSERT INTO User (Id, Name, Surname, IsWorker) VALUES (27, 'Lucas', 'Morgan', true);
INSERT INTO User (Id, Name, Surname, IsWorker) VALUES (28, 'Sophia', 'Cox', false);
INSERT INTO User (Id, Name, Surname, IsWorker) VALUES (29, 'Mason', 'Ward', true);
INSERT INTO User (Id, Name, Surname, IsWorker) VALUES (30, 'Isabella', 'Dixon', false);
INSERT INTO User (Id, Name, Surname, IsWorker) VALUES (31, 'Charlie', 'MorningStar', true);
INSERT INTO User (Id, Name, Surname, IsWorker) VALUES (32, 'Vaggie', 'The Fallen angel', true);
INSERT INTO User (Id, Name, Surname, IsWorker) VALUES (33, 'Angel', 'Dust', false);
INSERT INTO User (Id, Name, Surname, IsWorker) VALUES (34, 'Alastor', 'The Radio Demon', true);
INSERT INTO User (Id, Name, Surname, IsWorker) VALUES (35, 'Husk', 'The Drunk', true);
INSERT INTO User (Id, Name, Surname, IsWorker) VALUES (36, 'Niffty', 'The Cleaner', true);
INSERT INTO User (Id, Name, Surname, IsWorker) VALUES (37, 'Sir', 'Pentious', false);
INSERT INTO User (Id, Name, Surname, IsWorker) VALUES (38, 'Cherri', 'Bomb', false);
INSERT INTO User (Id, Name, Surname, IsWorker) VALUES (39, 'Lucyfer', 'MorningStar', true);

INSERT INTO WorkerInHotel (IdWorkerInHotel, IdHotel, IdUser, IsAdmin) VALUES (1, 1, 1, true);
INSERT INTO WorkerInHotel (IdWorkerInHotel, IdHotel, IdUser, IsAdmin) VALUES (2, 1, 3, false);
INSERT INTO WorkerInHotel (IdWorkerInHotel, IdHotel, IdUser, IsAdmin) VALUES (3, 1, 5, false);
INSERT INTO WorkerInHotel (IdWorkerInHotel, IdHotel, IdUser, IsAdmin) VALUES (4, 1, 7, false);
INSERT INTO WorkerInHotel (IdWorkerInHotel, IdHotel, IdUser, IsAdmin) VALUES (5, 1, 9, false);
INSERT INTO WorkerInHotel (IdWorkerInHotel, IdHotel, IdUser, IsAdmin) VALUES (6, 2, 11, true);
INSERT INTO WorkerInHotel (IdWorkerInHotel, IdHotel, IdUser, IsAdmin) VALUES (7, 2, 13, false);
INSERT INTO WorkerInHotel (IdWorkerInHotel, IdHotel, IdUser, IsAdmin) VALUES (8, 2, 15, false);
INSERT INTO WorkerInHotel (IdWorkerInHotel, IdHotel, IdUser, IsAdmin) VALUES (9, 2, 17, false);
INSERT INTO WorkerInHotel (IdWorkerInHotel, IdHotel, IdUser, IsAdmin) VALUES (10, 2, 19, false);
INSERT INTO WorkerInHotel (IdWorkerInHotel, IdHotel, IdUser, IsAdmin) VALUES (11, 3, 21, true);
INSERT INTO WorkerInHotel (IdWorkerInHotel, IdHotel, IdUser, IsAdmin) VALUES (12, 3, 23, false);
INSERT INTO WorkerInHotel (IdWorkerInHotel, IdHotel, IdUser, IsAdmin) VALUES (13, 3, 25, false);
INSERT INTO WorkerInHotel (IdWorkerInHotel, IdHotel, IdUser, IsAdmin) VALUES (14, 3, 27, false);
INSERT INTO WorkerInHotel (IdWorkerInHotel, IdHotel, IdUser, IsAdmin) VALUES (15, 3, 29, false);
INSERT INTO WorkerInHotel (IdWorkerInHotel, IdHotel, IdUser, IsAdmin) VALUES (16, 6, 31, true);
INSERT INTO WorkerInHotel (IdWorkerInHotel, IdHotel, IdUser, IsAdmin) VALUES (17, 6, 32, true);
INSERT INTO WorkerInHotel (IdWorkerInHotel, IdHotel, IdUser, IsAdmin) VALUES (18, 6, 34, true);
INSERT INTO WorkerInHotel (IdWorkerInHotel, IdHotel, IdUser, IsAdmin) VALUES (19, 6, 35, false);
INSERT INTO WorkerInHotel (IdWorkerInHotel, IdHotel, IdUser, IsAdmin) VALUES (20, 6, 36, false);
INSERT INTO WorkerInHotel (IdWorkerInHotel, IdHotel, IdUser, IsAdmin) VALUES (21, 6, 39, false);

INSERT INTO TargetRoom(Id, IdHotel, CountPeople, CountTargetRoom) VALUES (1, 1, 2, 3);
INSERT INTO TargetRoom(Id, IdHotel, CountPeople, CountTargetRoom) VALUES (2, 1, 4, 3);
INSERT INTO TargetRoom(Id, IdHotel, CountPeople, CountTargetRoom) VALUES (3, 1, 6, 1);
INSERT INTO TargetRoom(Id, IdHotel, CountPeople, CountTargetRoom) VALUES (4, 2, 3, 2);
INSERT INTO TargetRoom(Id, IdHotel, CountPeople, CountTargetRoom) VALUES (5, 2, 1, 1);
INSERT INTO TargetRoom(Id, IdHotel, CountPeople, CountTargetRoom) VALUES (6, 2, 2, 4);
INSERT INTO TargetRoom(Id, IdHotel, CountPeople, CountTargetRoom) VALUES (7, 3, 2, 1);
INSERT INTO TargetRoom(Id, IdHotel, CountPeople, CountTargetRoom) VALUES (8, 3, 4, 2);
INSERT INTO TargetRoom(Id, IdHotel, CountPeople, CountTargetRoom) VALUES (9, 3, 3, 2);
INSERT INTO TargetRoom(Id, IdHotel, CountPeople, CountTargetRoom) VALUES (10, 4, 4, 1);
INSERT INTO TargetRoom(Id, IdHotel, CountPeople, CountTargetRoom) VALUES (11, 4, 2, 5);
INSERT INTO TargetRoom(Id, IdHotel, CountPeople, CountTargetRoom) VALUES (12, 4, 3, 2);
INSERT INTO TargetRoom(Id, IdHotel, CountPeople, CountTargetRoom) VALUES (13, 5, 1, 1);
INSERT INTO TargetRoom(Id, IdHotel, CountPeople, CountTargetRoom) VALUES (14, 5, 4, 3);
INSERT INTO TargetRoom(Id, IdHotel, CountPeople, CountTargetRoom) VALUES (15, 5, 3, 2);
INSERT INTO TargetRoom(Id, IdHotel, CountPeople, CountTargetRoom) VALUES (16, 6, 5, 3);
INSERT INTO TargetRoom(Id, IdHotel, CountPeople, CountTargetRoom) VALUES (17, 6, 2, 2);
INSERT INTO TargetRoom(Id, IdHotel, CountPeople, CountTargetRoom) VALUES (18, 6, 1, 4);

INSERT INTO Room(Id, IdTargetRoom, NrRoom) VALUES (1, 1, 1);
INSERT INTO Room(Id, IdTargetRoom, NrRoom) VALUES (2, 2, 2);
INSERT INTO Room(Id, IdTargetRoom, NrRoom) VALUES (3, 3, 3);
INSERT INTO Room(Id, IdTargetRoom, NrRoom) VALUES (4, 1, 4);
INSERT INTO Room(Id, IdTargetRoom, NrRoom) VALUES (5, 2, 5);
INSERT INTO Room(Id, IdTargetRoom, NrRoom) VALUES (6, 1, 6);
INSERT INTO Room(Id, IdTargetRoom, NrRoom) VALUES (7, 2, 7);
INSERT INTO Room(Id, IdTargetRoom, NrRoom) VALUES (8, 4, 1);
INSERT INTO Room(Id, IdTargetRoom, NrRoom) VALUES (9, 5, 2);
INSERT INTO Room(Id, IdTargetRoom, NrRoom) VALUES (10, 6, 3);
INSERT INTO Room(Id, IdTargetRoom, NrRoom) VALUES (11, 4, 4);
INSERT INTO Room(Id, IdTargetRoom, NrRoom) VALUES (12, 6, 5);
INSERT INTO Room(Id, IdTargetRoom, NrRoom) VALUES (13, 6, 6);
INSERT INTO Room(Id, IdTargetRoom, NrRoom) VALUES (14, 6, 7);
INSERT INTO Room(Id, IdTargetRoom, NrRoom) VALUES (15, 7, 1);
INSERT INTO Room(Id, IdTargetRoom, NrRoom) VALUES (16, 8, 2);
INSERT INTO Room(Id, IdTargetRoom, NrRoom) VALUES (17, 9, 3);
INSERT INTO Room(Id, IdTargetRoom, NrRoom) VALUES (18, 7, 4);
INSERT INTO Room(Id, IdTargetRoom, NrRoom) VALUES (19, 8, 5);
INSERT INTO Room(Id, IdTargetRoom, NrRoom) VALUES (20, 10, 1);
INSERT INTO Room(Id, IdTargetRoom, NrRoom) VALUES (21, 11, 2);
INSERT INTO Room(Id, IdTargetRoom, NrRoom) VALUES (22, 12, 3);
INSERT INTO Room(Id, IdTargetRoom, NrRoom) VALUES (23, 11, 4);
INSERT INTO Room(Id, IdTargetRoom, NrRoom) VALUES (24, 12, 5);
INSERT INTO Room(Id, IdTargetRoom, NrRoom) VALUES (25, 12, 6);
INSERT INTO Room(Id, IdTargetRoom, NrRoom) VALUES (26, 12, 7);
INSERT INTO Room(Id, IdTargetRoom, NrRoom) VALUES (27, 12, 8);
INSERT INTO Room(Id, IdTargetRoom, NrRoom) VALUES (28, 13, 1);
INSERT INTO Room(Id, IdTargetRoom, NrRoom) VALUES (29, 14, 2);
INSERT INTO Room(Id, IdTargetRoom, NrRoom) VALUES (30, 15, 3);
INSERT INTO Room(Id, IdTargetRoom, NrRoom) VALUES (31, 14, 4);
INSERT INTO Room(Id, IdTargetRoom, NrRoom) VALUES (32, 15, 5);
INSERT INTO Room(Id, IdTargetRoom, NrRoom) VALUES (33, 14, 6);
INSERT INTO Room(Id, IdTargetRoom, NrRoom) VALUES (34, 16, 1);
INSERT INTO Room(Id, IdTargetRoom, NrRoom) VALUES (35, 17, 2);
INSERT INTO Room(Id, IdTargetRoom, NrRoom) VALUES (36, 18, 3);
INSERT INTO Room(Id, IdTargetRoom, NrRoom) VALUES (37, 16, 4);
INSERT INTO Room(Id, IdTargetRoom, NrRoom) VALUES (38, 17, 5);
INSERT INTO Room(Id, IdTargetRoom, NrRoom) VALUES (39, 18, 6);
INSERT INTO Room(Id, IdTargetRoom, NrRoom) VALUES (40, 16, 7);
INSERT INTO Room(Id, IdTargetRoom, NrRoom) VALUES (41, 18, 8);
INSERT INTO Room(Id, IdTargetRoom, NrRoom) VALUES (42, 18, 9);

INSERT INTO Component(Id, Name) VALUES (1, 'Free Wi-Fi');
INSERT INTO Component(Id, Name) VALUES (2, 'Air Conditioning');
INSERT INTO Component(Id, Name) VALUES (3, 'Mini Bar');
INSERT INTO Component(Id, Name) VALUES (4, 'TV');
INSERT INTO Component(Id, Name) VALUES (5, 'Coffee Maker');
INSERT INTO Component(Id, Name) VALUES (6, 'Safe');
INSERT INTO Component(Id, Name) VALUES (7, 'Desk');
INSERT INTO Component(Id, Name) VALUES (8, 'Hair Dryer');
INSERT INTO Component(Id, Name) VALUES (9, 'Iron and Ironing Board');
INSERT INTO Component(Id, Name) VALUES (10, 'Private Bathroom');

INSERT INTO ConponentsInRoom(Id, IdRoom, IdComponent) VALUES (1, 1, 1);
INSERT INTO ConponentsInRoom(Id, IdRoom, IdComponent) VALUES (2, 1, 2);
INSERT INTO ConponentsInRoom(Id, IdRoom, IdComponent) VALUES (3, 1, 4);
INSERT INTO ConponentsInRoom(Id, IdRoom, IdComponent) VALUES (4, 2, 10);
INSERT INTO ConponentsInRoom(Id, IdRoom, IdComponent) VALUES (5, 2, 2);
INSERT INTO ConponentsInRoom(Id, IdRoom, IdComponent) VALUES (6, 2, 5);
INSERT INTO ConponentsInRoom(Id, IdRoom, IdComponent) VALUES (7, 3, 1);
INSERT INTO ConponentsInRoom(Id, IdRoom, IdComponent) VALUES (8, 3, 10);
INSERT INTO ConponentsInRoom(Id, IdRoom, IdComponent) VALUES (9, 3, 6);
INSERT INTO ConponentsInRoom(Id, IdRoom, IdComponent) VALUES (10, 4, 1);
INSERT INTO ConponentsInRoom(Id, IdRoom, IdComponent) VALUES (11, 4, 3);
INSERT INTO ConponentsInRoom(Id, IdRoom, IdComponent) VALUES (12, 4, 8);
INSERT INTO ConponentsInRoom(Id, IdRoom, IdComponent) VALUES (13, 5, 10);
INSERT INTO ConponentsInRoom(Id, IdRoom, IdComponent) VALUES (14, 5, 5);
INSERT INTO ConponentsInRoom(Id, IdRoom, IdComponent) VALUES (15, 5, 7);
INSERT INTO ConponentsInRoom(Id, IdRoom, IdComponent) VALUES (16, 6, 2);
INSERT INTO ConponentsInRoom(Id, IdRoom, IdComponent) VALUES (17, 6, 3);
INSERT INTO ConponentsInRoom(Id, IdRoom, IdComponent) VALUES (18, 6, 9);
INSERT INTO ConponentsInRoom(Id, IdRoom, IdComponent) VALUES (19, 7, 2);
INSERT INTO ConponentsInRoom(Id, IdRoom, IdComponent) VALUES (20, 7, 4);
INSERT INTO ConponentsInRoom(Id, IdRoom, IdComponent) VALUES (21, 7, 6);
INSERT INTO ConponentsInRoom(Id, IdRoom, IdComponent) VALUES (22, 8, 3);
INSERT INTO ConponentsInRoom(Id, IdRoom, IdComponent) VALUES (23, 8, 5);
INSERT INTO ConponentsInRoom(Id, IdRoom, IdComponent) VALUES (24, 8, 8);
INSERT INTO ConponentsInRoom(Id, IdRoom, IdComponent) VALUES (25, 9, 4);
INSERT INTO ConponentsInRoom(Id, IdRoom, IdComponent) VALUES (26, 9, 6);
INSERT INTO ConponentsInRoom(Id, IdRoom, IdComponent) VALUES (27, 9, 9);
INSERT INTO ConponentsInRoom(Id, IdRoom, IdComponent) VALUES (28, 10, 5);
INSERT INTO ConponentsInRoom(Id, IdRoom, IdComponent) VALUES (29, 10, 7);
INSERT INTO ConponentsInRoom(Id, IdRoom, IdComponent) VALUES (30, 10, 8);
INSERT INTO ConponentsInRoom(Id, IdRoom, IdComponent) VALUES (31, 11, 1);
INSERT INTO ConponentsInRoom(Id, IdRoom, IdComponent) VALUES (32, 11, 3);
INSERT INTO ConponentsInRoom(Id, IdRoom, IdComponent) VALUES (33, 11, 7);
INSERT INTO ConponentsInRoom(Id, IdRoom, IdComponent) VALUES (34, 12, 2);
INSERT INTO ConponentsInRoom(Id, IdRoom, IdComponent) VALUES (35, 12, 4);
INSERT INTO ConponentsInRoom(Id, IdRoom, IdComponent) VALUES (36, 12, 6);
INSERT INTO ConponentsInRoom(Id, IdRoom, IdComponent) VALUES (37, 13, 3);
INSERT INTO ConponentsInRoom(Id, IdRoom, IdComponent) VALUES (38, 13, 5);
INSERT INTO ConponentsInRoom(Id, IdRoom, IdComponent) VALUES (39, 13, 10);
INSERT INTO ConponentsInRoom(Id, IdRoom, IdComponent) VALUES (40, 14, 1);
INSERT INTO ConponentsInRoom(Id, IdRoom, IdComponent) VALUES (41, 14, 4);
INSERT INTO ConponentsInRoom(Id, IdRoom, IdComponent) VALUES (42, 14, 7);
INSERT INTO ConponentsInRoom(Id, IdRoom, IdComponent) VALUES (43, 15, 2);
INSERT INTO ConponentsInRoom(Id, IdRoom, IdComponent) VALUES (44, 15, 5);
INSERT INTO ConponentsInRoom(Id, IdRoom, IdComponent) VALUES (45, 15, 9);
INSERT INTO ConponentsInRoom(Id, IdRoom, IdComponent) VALUES (46, 16, 3);
INSERT INTO ConponentsInRoom(Id, IdRoom, IdComponent) VALUES (47, 16, 10);
INSERT INTO ConponentsInRoom(Id, IdRoom, IdComponent) VALUES (48, 16, 8);
INSERT INTO ConponentsInRoom(Id, IdRoom, IdComponent) VALUES (49, 17, 1);
INSERT INTO ConponentsInRoom(Id, IdRoom, IdComponent) VALUES (50, 17, 4);
INSERT INTO ConponentsInRoom(Id, IdRoom, IdComponent) VALUES (51, 17, 9);
INSERT INTO ConponentsInRoom(Id, IdRoom, IdComponent) VALUES (52, 18, 2);
INSERT INTO ConponentsInRoom(Id, IdRoom, IdComponent) VALUES (53, 18, 5);
INSERT INTO ConponentsInRoom(Id, IdRoom, IdComponent) VALUES (54, 18, 7);

INSERT INTO Reservation(Id, IdUser, DateFrom, DateTo, IdRoom) VALUES (1, 2, '2024-03-01', '2024-03-07', 1);
INSERT INTO Reservation(Id, IdUser, DateFrom, DateTo, IdRoom) VALUES (2, 4, '2024-03-15', '2024-03-20', 2);
INSERT INTO Reservation(Id, IdUser, DateFrom, DateTo, IdRoom) VALUES (3, 6, '2024-04-01', '2024-04-10', 6);
INSERT INTO Reservation(Id, IdUser, DateFrom, DateTo, IdRoom) VALUES (4, 8, '2024-05-05', '2024-05-12', 8);
INSERT INTO Reservation(Id, IdUser, DateFrom, DateTo, IdRoom) VALUES (5, 10, '2024-06-10', '2024-06-20', 9);
INSERT INTO Reservation(Id, IdUser, DateFrom, DateTo, IdRoom) VALUES (6, 12, '2024-07-01', '2024-07-07', 10);
INSERT INTO Reservation(Id, IdUser, DateFrom, DateTo, IdRoom) VALUES (7, 14, '2024-08-15', '2024-08-25', 15);
INSERT INTO Reservation(Id, IdUser, DateFrom, DateTo, IdRoom) VALUES (8, 16, '2024-09-01', '2024-09-10', 16);
INSERT INTO Reservation(Id, IdUser, DateFrom, DateTo, IdRoom) VALUES (9, 18, '2024-10-05', '2024-10-15', 17);
INSERT INTO Reservation(Id, IdUser, DateFrom, DateTo, IdRoom) VALUES (10, 20, '2024-11-10', '2024-11-20', 15);
INSERT INTO Reservation(Id, IdUser, DateFrom, DateTo, IdRoom) VALUES (11, 22, '2024-12-01', '2024-12-07', 16);
INSERT INTO Reservation(Id, IdUser, DateFrom, DateTo, IdRoom) VALUES (12, 24, '2025-01-15', '2025-01-20', 17);
INSERT INTO Reservation(Id, IdUser, DateFrom, DateTo, IdRoom) VALUES (13, 26, '2025-02-01', '2025-02-10', 20);
INSERT INTO Reservation(Id, IdUser, DateFrom, DateTo, IdRoom) VALUES (14, 28, '2025-03-05', '2025-03-12', 21);
INSERT INTO Reservation(Id, IdUser, DateFrom, DateTo, IdRoom) VALUES (15, 30, '2025-04-10', '2025-04-20', 22);
INSERT INTO Reservation(Id, IdUser, DateFrom, DateTo, IdRoom) VALUES (16, 33, '2025-05-01', '2025-05-07', 34);
INSERT INTO Reservation(Id, IdUser, DateFrom, DateTo, IdRoom) VALUES (17, 37, '2025-06-15', '2025-06-25', 35);
INSERT INTO Reservation(Id, IdUser, DateFrom, DateTo, IdRoom) VALUES (18, 38, '2025-07-01', '2025-07-10', 36);